Compilation;Date;Value
"AESRD 2013 - Bitumen - Shell Jackpine Mine";2010-07-01;25663.427408521
"AESRD 2013 - Bitumen - Shell Jackpine Mine";2010-07-02;25819.196596392
"AESRD 2013 - Bitumen - Shell Jackpine Mine";2010-07-03;25974.965784263
"AESRD 2013 - Bitumen - Shell Jackpine Mine";2010-07-04;26130.734972134
"AESRD 2013 - Bitumen - Shell Jackpine Mine";2010-07-05;26286.504160006
"AESRD 2013 - Bitumen - Shell Jackpine Mine";2010-07-06;26442.273347877
"AESRD 2013 - Bitumen - Shell Jackpine Mine";2010-07-07;26598.042535748
"AESRD 2013 - Bitumen - Shell Jackpine Mine";2010-07-08;26753.811723619
"AESRD 2013 - Bitumen - Shell Jackpine Mine";2010-07-09;26909.58091149
"AESRD 2013 - Bitumen - Shell Jackpine Mine";2010-07-10;27065.350099361
"AESRD 2013 - Bitumen - Shell Jackpine Mine";2010-07-11;27221.119287233
"AESRD 2013 - Bitumen - Shell Jackpine Mine";2010-07-12;27376.888475104
"AESRD 2013 - Bitumen - Shell Jackpine Mine";2010-07-13;27532.657662975
"AESRD 2013 - Bitumen - Shell Jackpine Mine";2010-07-14;27688.426850846
"AESRD 2013 - Bitumen - Shell Jackpine Mine";2010-07-15;27844.196038717
"AESRD 2013 - Bitumen - Shell Jackpine Mine";2010-07-16;27999.965226588
"AESRD 2013 - Bitumen - Shell Jackpine Mine";2010-07-17;28155.73441446
"AESRD 2013 - Bitumen - Shell Jackpine Mine";2010-07-18;28311.503602331
"AESRD 2013 - Bitumen - Shell Jackpine Mine";2010-07-19;28467.272790202
"AESRD 2013 - Bitumen - Shell Jackpine Mine";2010-07-20;28623.041978073
"AESRD 2013 - Bitumen - Shell Jackpine Mine";2010-07-21;28778.811165944
"AESRD 2013 - Bitumen - Shell Jackpine Mine";2010-07-22;28934.580353815
"AESRD 2013 - Bitumen - Shell Jackpine Mine";2010-07-23;29090.349541686
"AESRD 2013 - Bitumen - Shell Jackpine Mine";2010-07-24;29246.118729558
"AESRD 2013 - Bitumen - Shell Jackpine Mine";2010-07-25;29401.887917429
"AESRD 2013 - Bitumen - Shell Jackpine Mine";2010-07-26;29557.6571053
"AESRD 2013 - Bitumen - Shell Jackpine Mine";2010-07-27;29713.426293171
"AESRD 2013 - Bitumen - Shell Jackpine Mine";2010-07-28;29869.195481042
"AESRD 2013 - Bitumen - Shell Jackpine Mine";2010-07-29;30024.964668913
"AESRD 2013 - Bitumen - Shell Jackpine Mine";2010-07-30;30180.733856785
"AESRD 2013 - Bitumen - Shell Jackpine Mine";2010-07-31;30336.503044656
"AESRD 2013 - Bitumen - Shell Jackpine Mine";2010-08-01;30492.272232527
"AESRD 2013 - Bitumen - Shell Jackpine Mine";2010-08-02;30648.041420398
"AESRD 2013 - Bitumen - Shell Jackpine Mine";2010-08-03;30803.810608269
"AESRD 2013 - Bitumen - Shell Jackpine Mine";2010-08-04;30959.57979614
"AESRD 2013 - Bitumen - Shell Jackpine Mine";2010-08-05;31115.348984011
"AESRD 2013 - Bitumen - Shell Jackpine Mine";2010-08-06;31271.118171883
"AESRD 2013 - Bitumen - Shell Jackpine Mine";2010-08-07;31426.887359754
"AESRD 2013 - Bitumen - Shell Jackpine Mine";2010-08-08;31582.656547625
"AESRD 2013 - Bitumen - Shell Jackpine Mine";2010-08-09;31738.425735496
"AESRD 2013 - Bitumen - Shell Jackpine Mine";2010-08-10;31894.194923367
"AESRD 2013 - Bitumen - Shell Jackpine Mine";2010-08-11;32049.964111238
"AESRD 2013 - Bitumen - Shell Jackpine Mine";2010-08-12;32205.73329911
"AESRD 2013 - Bitumen - Shell Jackpine Mine";2010-08-13;32361.502486981
"AESRD 2013 - Bitumen - Shell Jackpine Mine";2010-08-14;32517.271674852
"AESRD 2013 - Bitumen - Shell Jackpine Mine";2010-08-15;32673.040862723
"AESRD 2013 - Bitumen - Shell Jackpine Mine";2010-08-16;32828.810050594
"AESRD 2013 - Bitumen - Shell Jackpine Mine";2010-08-17;32984.579238465
"AESRD 2013 - Bitumen - Shell Jackpine Mine";2010-08-18;33140.348426337
"AESRD 2013 - Bitumen - Shell Jackpine Mine";2010-08-19;33296.117614208
"AESRD 2013 - Bitumen - Shell Jackpine Mine";2010-08-20;33451.886802079
"AESRD 2013 - Bitumen - Shell Jackpine Mine";2010-08-21;33607.65598995
"AESRD 2013 - Bitumen - Shell Jackpine Mine";2010-08-22;33763.425177821
"AESRD 2013 - Bitumen - Shell Jackpine Mine";2010-08-23;33919.194365692
"AESRD 2013 - Bitumen - Shell Jackpine Mine";2010-08-24;34074.963553563
"AESRD 2013 - Bitumen - Shell Jackpine Mine";2010-08-25;34230.732741435
"AESRD 2013 - Bitumen - Shell Jackpine Mine";2010-08-26;34386.501929306
"AESRD 2013 - Bitumen - Shell Jackpine Mine";2010-08-27;34542.271117177
"AESRD 2013 - Bitumen - Shell Jackpine Mine";2010-08-28;34698.040305048
"AESRD 2013 - Bitumen - Shell Jackpine Mine";2010-08-29;34853.809492919
"AESRD 2013 - Bitumen - Shell Jackpine Mine";2010-08-30;35009.57868079
"AESRD 2013 - Bitumen - Shell Jackpine Mine";2010-08-31;35165.347868662
"AESRD 2013 - Bitumen - Shell Jackpine Mine";2010-09-01;35321.117056533
"AESRD 2013 - Bitumen - Shell Jackpine Mine";2010-09-02;35476.886244404
"AESRD 2013 - Bitumen - Shell Jackpine Mine";2010-09-03;35632.655432275
"AESRD 2013 - Bitumen - Shell Jackpine Mine";2010-09-04;35788.424620146
"AESRD 2013 - Bitumen - Shell Jackpine Mine";2010-09-05;35944.193808017
"AESRD 2013 - Bitumen - Shell Jackpine Mine";2010-09-06;36099.962995888
"AESRD 2013 - Bitumen - Shell Jackpine Mine";2010-09-07;36255.73218376
"AESRD 2013 - Bitumen - Shell Jackpine Mine";2010-09-08;36411.501371631
"AESRD 2013 - Bitumen - Shell Jackpine Mine";2010-09-09;36567.270559502
"AESRD 2013 - Bitumen - Shell Jackpine Mine";2010-09-10;36723.039747373
"AESRD 2013 - Bitumen - Shell Jackpine Mine";2010-09-11;36878.808935244
"AESRD 2013 - Bitumen - Shell Jackpine Mine";2010-09-12;37034.578123115
"AESRD 2013 - Bitumen - Shell Jackpine Mine";2010-09-13;37190.347310987
"AESRD 2013 - Bitumen - Shell Jackpine Mine";2010-09-14;37346.116498858
"AESRD 2013 - Bitumen - Shell Jackpine Mine";2010-09-15;37501.885686729
"AESRD 2013 - Bitumen - Shell Jackpine Mine";2010-09-16;37657.6548746
"AESRD 2013 - Bitumen - Shell Jackpine Mine";2010-09-17;37813.424062471
"AESRD 2013 - Bitumen - Shell Jackpine Mine";2010-09-18;37969.193250342
"AESRD 2013 - Bitumen - Shell Jackpine Mine";2010-09-19;38124.962438213
"AESRD 2013 - Bitumen - Shell Jackpine Mine";2010-09-20;38280.731626085
"AESRD 2013 - Bitumen - Shell Jackpine Mine";2010-09-21;38436.500813956
"AESRD 2013 - Bitumen - Shell Jackpine Mine";2010-09-22;38592.270001827
"AESRD 2013 - Bitumen - Shell Jackpine Mine";2010-09-23;38748.039189698
"AESRD 2013 - Bitumen - Shell Jackpine Mine";2010-09-24;38903.808377569
"AESRD 2013 - Bitumen - Shell Jackpine Mine";2010-09-25;39059.57756544
"AESRD 2013 - Bitumen - Shell Jackpine Mine";2010-09-26;39215.346753312
"AESRD 2013 - Bitumen - Shell Jackpine Mine";2010-09-27;39371.115941183
"AESRD 2013 - Bitumen - Shell Jackpine Mine";2010-09-28;39526.885129054
"AESRD 2013 - Bitumen - Shell Jackpine Mine";2010-09-29;39682.654316925
"AESRD 2013 - Bitumen - Shell Jackpine Mine";2010-09-30;39838.423504796
"AESRD 2013 - Bitumen - Shell Jackpine Mine";2010-10-01;39994.192692667
"AESRD 2013 - Bitumen - Shell Jackpine Mine";2010-10-02;40149.961880538
"AESRD 2013 - Bitumen - Shell Jackpine Mine";2010-10-03;40305.73106841
"AESRD 2013 - Bitumen - Shell Jackpine Mine";2010-10-04;40461.500256281
"AESRD 2013 - Bitumen - Shell Jackpine Mine";2010-10-05;40617.269444152
"AESRD 2013 - Bitumen - Shell Jackpine Mine";2010-10-06;40773.038632023
"AESRD 2013 - Bitumen - Shell Jackpine Mine";2010-10-07;40928.807819894
"AESRD 2013 - Bitumen - Shell Jackpine Mine";2010-10-08;41084.577007765
"AESRD 2013 - Bitumen - Shell Jackpine Mine";2010-10-09;41240.346195637
"AESRD 2013 - Bitumen - Shell Jackpine Mine";2010-10-10;41396.115383508
"AESRD 2013 - Bitumen - Shell Jackpine Mine";2010-10-11;41551.884571379
"AESRD 2013 - Bitumen - Shell Jackpine Mine";2010-10-12;41707.65375925
"AESRD 2013 - Bitumen - Shell Jackpine Mine";2010-10-13;41863.422947121
"AESRD 2013 - Bitumen - Shell Jackpine Mine";2010-10-14;42019.192134992
"AESRD 2013 - Bitumen - Shell Jackpine Mine";2010-10-15;42174.961322864
"AESRD 2013 - Bitumen - Shell Jackpine Mine";2010-10-16;42330.730510735
"AESRD 2013 - Bitumen - Shell Jackpine Mine";2010-10-17;42486.499698606
"AESRD 2013 - Bitumen - Shell Jackpine Mine";2010-10-18;42642.268886477
"AESRD 2013 - Bitumen - Shell Jackpine Mine";2010-10-19;42798.038074348
"AESRD 2013 - Bitumen - Shell Jackpine Mine";2010-10-20;42953.807262219
"AESRD 2013 - Bitumen - Shell Jackpine Mine";2010-10-21;43109.57645009
"AESRD 2013 - Bitumen - Shell Jackpine Mine";2010-10-22;43265.345637962
"AESRD 2013 - Bitumen - Shell Jackpine Mine";2010-10-23;43421.114825833
"AESRD 2013 - Bitumen - Shell Jackpine Mine";2010-10-24;43576.884013704
"AESRD 2013 - Bitumen - Shell Jackpine Mine";2010-10-25;43732.653201575
"AESRD 2013 - Bitumen - Shell Jackpine Mine";2010-10-26;43888.422389446
"AESRD 2013 - Bitumen - Shell Jackpine Mine";2010-10-27;44044.191577317
"AESRD 2013 - Bitumen - Shell Jackpine Mine";2010-10-28;44199.960765189
"AESRD 2013 - Bitumen - Shell Jackpine Mine";2010-10-29;44355.72995306
"AESRD 2013 - Bitumen - Shell Jackpine Mine";2010-10-30;44511.499140931
"AESRD 2013 - Bitumen - Shell Jackpine Mine";2010-10-31;44667.268328802
"AESRD 2013 - Bitumen - Shell Jackpine Mine";2010-11-01;44823.037516673
"AESRD 2013 - Bitumen - Shell Jackpine Mine";2010-11-02;44978.806704544
"AESRD 2013 - Bitumen - Shell Jackpine Mine";2010-11-03;45134.575892415
"AESRD 2013 - Bitumen - Shell Jackpine Mine";2010-11-04;45290.345080287
"AESRD 2013 - Bitumen - Shell Jackpine Mine";2010-11-05;45446.114268158
"AESRD 2013 - Bitumen - Shell Jackpine Mine";2010-11-06;45601.883456029
"AESRD 2013 - Bitumen - Shell Jackpine Mine";2010-11-07;45757.6526439
"AESRD 2013 - Bitumen - Shell Jackpine Mine";2010-11-08;45913.421831771
"AESRD 2013 - Bitumen - Shell Jackpine Mine";2010-11-09;46069.191019642
"AESRD 2013 - Bitumen - Shell Jackpine Mine";2010-11-10;46224.960207514
"AESRD 2013 - Bitumen - Shell Jackpine Mine";2010-11-11;46380.729395385
"AESRD 2013 - Bitumen - Shell Jackpine Mine";2010-11-12;46536.498583256
"AESRD 2013 - Bitumen - Shell Jackpine Mine";2010-11-13;46692.267771127
"AESRD 2013 - Bitumen - Shell Jackpine Mine";2010-11-14;46848.036958998
"AESRD 2013 - Bitumen - Shell Jackpine Mine";2010-11-15;47003.806146869
"AESRD 2013 - Bitumen - Shell Jackpine Mine";2010-11-16;47159.57533474
"AESRD 2013 - Bitumen - Shell Jackpine Mine";2010-11-17;47315.344522612
"AESRD 2013 - Bitumen - Shell Jackpine Mine";2010-11-18;47471.113710483
"AESRD 2013 - Bitumen - Shell Jackpine Mine";2010-11-19;47626.882898354
"AESRD 2013 - Bitumen - Shell Jackpine Mine";2010-11-20;47782.652086225
"AESRD 2013 - Bitumen - Shell Jackpine Mine";2010-11-21;47938.421274096
"AESRD 2013 - Bitumen - Shell Jackpine Mine";2010-11-22;48094.190461967
"AESRD 2013 - Bitumen - Shell Jackpine Mine";2010-11-23;48249.959649839
"AESRD 2013 - Bitumen - Shell Jackpine Mine";2010-11-24;48405.72883771
"AESRD 2013 - Bitumen - Shell Jackpine Mine";2010-11-25;48561.498025581
"AESRD 2013 - Bitumen - Shell Jackpine Mine";2010-11-26;48717.267213452
"AESRD 2013 - Bitumen - Shell Jackpine Mine";2010-11-27;48873.036401323
"AESRD 2013 - Bitumen - Shell Jackpine Mine";2010-11-28;49028.805589194
"AESRD 2013 - Bitumen - Shell Jackpine Mine";2010-11-29;49184.574777066
"AESRD 2013 - Bitumen - Shell Jackpine Mine";2010-11-30;49340.343964937
"AESRD 2013 - Bitumen - Shell Jackpine Mine";2010-12-01;49496.113152808
"AESRD 2013 - Bitumen - Shell Jackpine Mine";2010-12-02;49651.882340679
"AESRD 2013 - Bitumen - Shell Jackpine Mine";2010-12-03;49807.65152855
"AESRD 2013 - Bitumen - Shell Jackpine Mine";2010-12-04;49963.420716421
"AESRD 2013 - Bitumen - Shell Jackpine Mine";2010-12-05;50119.189904292
"AESRD 2013 - Bitumen - Shell Jackpine Mine";2010-12-06;50274.959092164
"AESRD 2013 - Bitumen - Shell Jackpine Mine";2010-12-07;50430.728280035
"AESRD 2013 - Bitumen - Shell Jackpine Mine";2010-12-08;50586.497467906
"AESRD 2013 - Bitumen - Shell Jackpine Mine";2010-12-09;50742.266655777
"AESRD 2013 - Bitumen - Shell Jackpine Mine";2010-12-10;50898.035843648
"AESRD 2013 - Bitumen - Shell Jackpine Mine";2010-12-11;51053.805031519
"AESRD 2013 - Bitumen - Shell Jackpine Mine";2010-12-12;51209.574219391
"AESRD 2013 - Bitumen - Shell Jackpine Mine";2010-12-13;51365.343407262
"AESRD 2013 - Bitumen - Shell Jackpine Mine";2010-12-14;51521.112595133
"AESRD 2013 - Bitumen - Shell Jackpine Mine";2010-12-15;51676.881783004
"AESRD 2013 - Bitumen - Shell Jackpine Mine";2010-12-16;51832.650970875
"AESRD 2013 - Bitumen - Shell Jackpine Mine";2010-12-17;51988.420158746
"AESRD 2013 - Bitumen - Shell Jackpine Mine";2010-12-18;52144.189346617
"AESRD 2013 - Bitumen - Shell Jackpine Mine";2010-12-19;52299.958534489
"AESRD 2013 - Bitumen - Shell Jackpine Mine";2010-12-20;52455.72772236
"AESRD 2013 - Bitumen - Shell Jackpine Mine";2010-12-21;52611.496910231
"AESRD 2013 - Bitumen - Shell Jackpine Mine";2010-12-22;52767.266098102
"AESRD 2013 - Bitumen - Shell Jackpine Mine";2010-12-23;52923.035285973
"AESRD 2013 - Bitumen - Shell Jackpine Mine";2010-12-24;53078.804473844
"AESRD 2013 - Bitumen - Shell Jackpine Mine";2010-12-25;53234.573661716
"AESRD 2013 - Bitumen - Shell Jackpine Mine";2010-12-26;53390.342849587
"AESRD 2013 - Bitumen - Shell Jackpine Mine";2010-12-27;53546.112037458
"AESRD 2013 - Bitumen - Shell Jackpine Mine";2010-12-28;53701.881225329
"AESRD 2013 - Bitumen - Shell Jackpine Mine";2010-12-29;53857.6504132
"AESRD 2013 - Bitumen - Shell Jackpine Mine";2010-12-30;54013.419601071
"AESRD 2013 - Bitumen - Shell Jackpine Mine";2010-12-31;54169.188788942
"AESRD 2013 - Bitumen - Shell Jackpine Mine";2011-01-01;54324.957976814
"AESRD 2013 - Bitumen - Shell Jackpine Mine";2011-01-02;54480.727164685
"AESRD 2013 - Bitumen - Shell Jackpine Mine";2011-01-03;54636.496352556
"AESRD 2013 - Bitumen - Shell Jackpine Mine";2011-01-04;54792.265540427
"AESRD 2013 - Bitumen - Shell Jackpine Mine";2011-01-05;54948.034728298
"AESRD 2013 - Bitumen - Shell Jackpine Mine";2011-01-06;55103.803916169
"AESRD 2013 - Bitumen - Shell Jackpine Mine";2011-01-07;55259.573104041
"AESRD 2013 - Bitumen - Shell Jackpine Mine";2011-01-08;55415.342291912
"AESRD 2013 - Bitumen - Shell Jackpine Mine";2011-01-09;55571.111479783
"AESRD 2013 - Bitumen - Shell Jackpine Mine";2011-01-10;55726.880667654
"AESRD 2013 - Bitumen - Shell Jackpine Mine";2011-01-11;55882.649855525
"AESRD 2013 - Bitumen - Shell Jackpine Mine";2011-01-12;56038.419043396
"AESRD 2013 - Bitumen - Shell Jackpine Mine";2011-01-13;56194.188231268
"AESRD 2013 - Bitumen - Shell Jackpine Mine";2011-01-14;56349.957419139
"AESRD 2013 - Bitumen - Shell Jackpine Mine";2011-01-15;56505.72660701
"AESRD 2013 - Bitumen - Shell Jackpine Mine";2011-01-16;56661.495794881
"AESRD 2013 - Bitumen - Shell Jackpine Mine";2011-01-17;56817.264982752
"AESRD 2013 - Bitumen - Shell Jackpine Mine";2011-01-18;56973.034170623
"AESRD 2013 - Bitumen - Shell Jackpine Mine";2011-01-19;57128.803358494
"AESRD 2013 - Bitumen - Shell Jackpine Mine";2011-01-20;57284.572546366
"AESRD 2013 - Bitumen - Shell Jackpine Mine";2011-01-21;57440.341734237
"AESRD 2013 - Bitumen - Shell Jackpine Mine";2011-01-22;57596.110922108
"AESRD 2013 - Bitumen - Shell Jackpine Mine";2011-01-23;57751.880109979
"AESRD 2013 - Bitumen - Shell Jackpine Mine";2011-01-24;57907.64929785
"AESRD 2013 - Bitumen - Shell Jackpine Mine";2011-01-25;58063.418485721
"AESRD 2013 - Bitumen - Shell Jackpine Mine";2011-01-26;58219.187673593
"AESRD 2013 - Bitumen - Shell Jackpine Mine";2011-01-27;58374.956861464
"AESRD 2013 - Bitumen - Shell Jackpine Mine";2011-01-28;58530.726049335
"AESRD 2013 - Bitumen - Shell Jackpine Mine";2011-01-29;58686.495237206
"AESRD 2013 - Bitumen - Shell Jackpine Mine";2011-01-30;58842.264425077
"AESRD 2013 - Bitumen - Shell Jackpine Mine";2011-01-31;58998.033612948
"AESRD 2013 - Bitumen - Shell Jackpine Mine";2011-02-01;59153.802800819
"AESRD 2013 - Bitumen - Shell Jackpine Mine";2011-02-02;59309.571988691
"AESRD 2013 - Bitumen - Shell Jackpine Mine";2011-02-03;59465.341176562
"AESRD 2013 - Bitumen - Shell Jackpine Mine";2011-02-04;59621.110364433
"AESRD 2013 - Bitumen - Shell Jackpine Mine";2011-02-05;59776.879552304
"AESRD 2013 - Bitumen - Shell Jackpine Mine";2011-02-06;59932.648740175
"AESRD 2013 - Bitumen - Shell Jackpine Mine";2011-02-07;60088.417928046
"AESRD 2013 - Bitumen - Shell Jackpine Mine";2011-02-08;60244.187115918
"AESRD 2013 - Bitumen - Shell Jackpine Mine";2011-02-09;60399.956303789
"AESRD 2013 - Bitumen - Shell Jackpine Mine";2011-02-10;60555.72549166
"AESRD 2013 - Bitumen - Shell Jackpine Mine";2011-02-11;60711.494679531
"AESRD 2013 - Bitumen - Shell Jackpine Mine";2011-02-12;60867.263867402
"AESRD 2013 - Bitumen - Shell Jackpine Mine";2011-02-13;61023.033055273
"AESRD 2013 - Bitumen - Shell Jackpine Mine";2011-02-14;61178.802243144
"AESRD 2013 - Bitumen - Shell Jackpine Mine";2011-02-15;61334.571431016
"AESRD 2013 - Bitumen - Shell Jackpine Mine";2011-02-16;61490.340618887
"AESRD 2013 - Bitumen - Shell Jackpine Mine";2011-02-17;61646.109806758
"AESRD 2013 - Bitumen - Shell Jackpine Mine";2011-02-18;61801.878994629
"AESRD 2013 - Bitumen - Shell Jackpine Mine";2011-02-19;61957.6481825
"AESRD 2013 - Bitumen - Shell Jackpine Mine";2011-02-20;62113.417370371
"AESRD 2013 - Bitumen - Shell Jackpine Mine";2011-02-21;62269.186558243
"AESRD 2013 - Bitumen - Shell Jackpine Mine";2011-02-22;62424.955746114
"AESRD 2013 - Bitumen - Shell Jackpine Mine";2011-02-23;62580.724933985
"AESRD 2013 - Bitumen - Shell Jackpine Mine";2011-02-24;62736.494121856
"AESRD 2013 - Bitumen - Shell Jackpine Mine";2011-02-25;62892.263309727
"AESRD 2013 - Bitumen - Shell Jackpine Mine";2011-02-26;63048.032497598
"AESRD 2013 - Bitumen - Shell Jackpine Mine";2011-02-27;63203.80168547
"AESRD 2013 - Bitumen - Shell Jackpine Mine";2011-02-28;63359.570873341
"AESRD 2013 - Bitumen - Shell Jackpine Mine";2011-03-01;63515.340061212
"AESRD 2013 - Bitumen - Shell Jackpine Mine";2011-03-02;63671.109249083
"AESRD 2013 - Bitumen - Shell Jackpine Mine";2011-03-03;63826.878436954
"AESRD 2013 - Bitumen - Shell Jackpine Mine";2011-03-04;63982.647624825
"AESRD 2013 - Bitumen - Shell Jackpine Mine";2011-03-05;64138.416812696
"AESRD 2013 - Bitumen - Shell Jackpine Mine";2011-03-06;64294.186000568
"AESRD 2013 - Bitumen - Shell Jackpine Mine";2011-03-07;64449.955188439
"AESRD 2013 - Bitumen - Shell Jackpine Mine";2011-03-08;64605.72437631
"AESRD 2013 - Bitumen - Shell Jackpine Mine";2011-03-09;64761.493564181
"AESRD 2013 - Bitumen - Shell Jackpine Mine";2011-03-10;64917.262752052
"AESRD 2013 - Bitumen - Shell Jackpine Mine";2011-03-11;65073.031939923
"AESRD 2013 - Bitumen - Shell Jackpine Mine";2011-03-12;65228.801127795
"AESRD 2013 - Bitumen - Shell Jackpine Mine";2011-03-13;65384.570315666
"AESRD 2013 - Bitumen - Shell Jackpine Mine";2011-03-14;65540.339503537
"AESRD 2013 - Bitumen - Shell Jackpine Mine";2011-03-15;65696.108691408
"AESRD 2013 - Bitumen - Shell Jackpine Mine";2011-03-16;65851.877879279
"AESRD 2013 - Bitumen - Shell Jackpine Mine";2011-03-17;66007.64706715
"AESRD 2013 - Bitumen - Shell Jackpine Mine";2011-03-18;66163.416255021
"AESRD 2013 - Bitumen - Shell Jackpine Mine";2011-03-19;66319.185442893
"AESRD 2013 - Bitumen - Shell Jackpine Mine";2011-03-20;66474.954630764
"AESRD 2013 - Bitumen - Shell Jackpine Mine";2011-03-21;66630.723818635
"AESRD 2013 - Bitumen - Shell Jackpine Mine";2011-03-22;66786.493006506
"AESRD 2013 - Bitumen - Shell Jackpine Mine";2011-03-23;66942.262194377
"AESRD 2013 - Bitumen - Shell Jackpine Mine";2011-03-24;67098.031382248
"AESRD 2013 - Bitumen - Shell Jackpine Mine";2011-03-25;67253.80057012
"AESRD 2013 - Bitumen - Shell Jackpine Mine";2011-03-26;67409.569757991
"AESRD 2013 - Bitumen - Shell Jackpine Mine";2011-03-27;67565.338945862
"AESRD 2013 - Bitumen - Shell Jackpine Mine";2011-03-28;67721.108133733
"AESRD 2013 - Bitumen - Shell Jackpine Mine";2011-03-29;67876.877321604
"AESRD 2013 - Bitumen - Shell Jackpine Mine";2011-03-30;68032.646509475
"AESRD 2013 - Bitumen - Shell Jackpine Mine";2011-03-31;68188.415697346
"AESRD 2013 - Bitumen - Shell Jackpine Mine";2011-04-01;68344.184885218
"AESRD 2013 - Bitumen - Shell Jackpine Mine";2011-04-02;68499.954073089
"AESRD 2013 - Bitumen - Shell Jackpine Mine";2011-04-03;68655.72326096
"AESRD 2013 - Bitumen - Shell Jackpine Mine";2011-04-04;68811.492448831
"AESRD 2013 - Bitumen - Shell Jackpine Mine";2011-04-05;68967.261636702
"AESRD 2013 - Bitumen - Shell Jackpine Mine";2011-04-06;69123.030824573
"AESRD 2013 - Bitumen - Shell Jackpine Mine";2011-04-07;69278.800012445
"AESRD 2013 - Bitumen - Shell Jackpine Mine";2011-04-08;69434.569200316
"AESRD 2013 - Bitumen - Shell Jackpine Mine";2011-04-09;69590.338388187
"AESRD 2013 - Bitumen - Shell Jackpine Mine";2011-04-10;69746.107576058
"AESRD 2013 - Bitumen - Shell Jackpine Mine";2011-04-11;69901.876763929
"AESRD 2013 - Bitumen - Shell Jackpine Mine";2011-04-12;70057.6459518
"AESRD 2013 - Bitumen - Shell Jackpine Mine";2011-04-13;70213.415139672
"AESRD 2013 - Bitumen - Shell Jackpine Mine";2011-04-14;70369.184327543
"AESRD 2013 - Bitumen - Shell Jackpine Mine";2011-04-15;70524.953515414
"AESRD 2013 - Bitumen - Shell Jackpine Mine";2011-04-16;70680.722703285
"AESRD 2013 - Bitumen - Shell Jackpine Mine";2011-04-17;70836.491891156
"AESRD 2013 - Bitumen - Shell Jackpine Mine";2011-04-18;70992.261079027
"AESRD 2013 - Bitumen - Shell Jackpine Mine";2011-04-19;71148.030266898
"AESRD 2013 - Bitumen - Shell Jackpine Mine";2011-04-20;71303.79945477
"AESRD 2013 - Bitumen - Shell Jackpine Mine";2011-04-21;71459.568642641
"AESRD 2013 - Bitumen - Shell Jackpine Mine";2011-04-22;71615.337830512
"AESRD 2013 - Bitumen - Shell Jackpine Mine";2011-04-23;71771.107018383
"AESRD 2013 - Bitumen - Shell Jackpine Mine";2011-04-24;71926.876206254
"AESRD 2013 - Bitumen - Shell Jackpine Mine";2011-04-25;72082.645394125
"AESRD 2013 - Bitumen - Shell Jackpine Mine";2011-04-26;72238.414581997
"AESRD 2013 - Bitumen - Shell Jackpine Mine";2011-04-27;72394.183769868
"AESRD 2013 - Bitumen - Shell Jackpine Mine";2011-04-28;72549.952957739
"AESRD 2013 - Bitumen - Shell Jackpine Mine";2011-04-29;72705.72214561
"AESRD 2013 - Bitumen - Shell Jackpine Mine";2011-04-30;72861.491333481
"AESRD 2013 - Bitumen - Shell Jackpine Mine";2011-05-01;73017.260521352
"AESRD 2013 - Bitumen - Shell Jackpine Mine";2011-05-02;73173.029709223
"AESRD 2013 - Bitumen - Shell Jackpine Mine";2011-05-03;73328.798897095
"AESRD 2013 - Bitumen - Shell Jackpine Mine";2011-05-04;73484.568084966
"AESRD 2013 - Bitumen - Shell Jackpine Mine";2011-05-05;73640.337272837
"AESRD 2013 - Bitumen - Shell Jackpine Mine";2011-05-06;73796.106460708
"AESRD 2013 - Bitumen - Shell Jackpine Mine";2011-05-07;73951.875648579
"AESRD 2013 - Bitumen - Shell Jackpine Mine";2011-05-08;74107.64483645
"AESRD 2013 - Bitumen - Shell Jackpine Mine";2011-05-09;74263.414024322
"AESRD 2013 - Bitumen - Shell Jackpine Mine";2011-05-10;74419.183212193
"AESRD 2013 - Bitumen - Shell Jackpine Mine";2011-05-11;74574.952400064
"AESRD 2013 - Bitumen - Shell Jackpine Mine";2011-05-12;74730.721587935
"AESRD 2013 - Bitumen - Shell Jackpine Mine";2011-05-13;74886.490775806
"AESRD 2013 - Bitumen - Shell Jackpine Mine";2011-05-14;75042.259963677
"AESRD 2013 - Bitumen - Shell Jackpine Mine";2011-05-15;75198.029151549
"AESRD 2013 - Bitumen - Shell Jackpine Mine";2011-05-16;75353.79833942
"AESRD 2013 - Bitumen - Shell Jackpine Mine";2011-05-17;75509.567527291
"AESRD 2013 - Bitumen - Shell Jackpine Mine";2011-05-18;75665.336715162
"AESRD 2013 - Bitumen - Shell Jackpine Mine";2011-05-19;75821.105903033
"AESRD 2013 - Bitumen - Shell Jackpine Mine";2011-05-20;75976.875090904
"AESRD 2013 - Bitumen - Shell Jackpine Mine";2011-05-21;76132.644278775
"AESRD 2013 - Bitumen - Shell Jackpine Mine";2011-05-22;76288.413466647
"AESRD 2013 - Bitumen - Shell Jackpine Mine";2011-05-23;76444.182654518
"AESRD 2013 - Bitumen - Shell Jackpine Mine";2011-05-24;76599.951842389
"AESRD 2013 - Bitumen - Shell Jackpine Mine";2011-05-25;76755.72103026
"AESRD 2013 - Bitumen - Shell Jackpine Mine";2011-05-26;76911.490218131
"AESRD 2013 - Bitumen - Shell Jackpine Mine";2011-05-27;77067.259406002
"AESRD 2013 - Bitumen - Shell Jackpine Mine";2011-05-28;77223.028593874
"AESRD 2013 - Bitumen - Shell Jackpine Mine";2011-05-29;77378.797781745
"AESRD 2013 - Bitumen - Shell Jackpine Mine";2011-05-30;77534.566969616
"AESRD 2013 - Bitumen - Shell Jackpine Mine";2011-05-31;77690.336157487
"AESRD 2013 - Bitumen - Shell Jackpine Mine";2011-06-01;77846.105345358
"AESRD 2013 - Bitumen - Shell Jackpine Mine";2011-06-02;78001.874533229
"AESRD 2013 - Bitumen - Shell Jackpine Mine";2011-06-03;78157.6437211
"AESRD 2013 - Bitumen - Shell Jackpine Mine";2011-06-04;78313.412908972
"AESRD 2013 - Bitumen - Shell Jackpine Mine";2011-06-05;78469.182096843
"AESRD 2013 - Bitumen - Shell Jackpine Mine";2011-06-06;78624.951284714
"AESRD 2013 - Bitumen - Shell Jackpine Mine";2011-06-07;78780.720472585
"AESRD 2013 - Bitumen - Shell Jackpine Mine";2011-06-08;78936.489660456
"AESRD 2013 - Bitumen - Shell Jackpine Mine";2011-06-09;79092.258848327
"AESRD 2013 - Bitumen - Shell Jackpine Mine";2011-06-10;79248.028036199
"AESRD 2013 - Bitumen - Shell Jackpine Mine";2011-06-11;79403.79722407
"AESRD 2013 - Bitumen - Shell Jackpine Mine";2011-06-12;79559.566411941
"AESRD 2013 - Bitumen - Shell Jackpine Mine";2011-06-13;79715.335599812
"AESRD 2013 - Bitumen - Shell Jackpine Mine";2011-06-14;79871.104787683
"AESRD 2013 - Bitumen - Shell Jackpine Mine";2011-06-15;80026.873975554
"AESRD 2013 - Bitumen - Shell Jackpine Mine";2011-06-16;80182.643163425
"AESRD 2013 - Bitumen - Shell Jackpine Mine";2011-06-17;80338.412351297
"AESRD 2013 - Bitumen - Shell Jackpine Mine";2011-06-18;80494.181539168
"AESRD 2013 - Bitumen - Shell Jackpine Mine";2011-06-19;80649.950727039
"AESRD 2013 - Bitumen - Shell Jackpine Mine";2011-06-20;80805.71991491
"AESRD 2013 - Bitumen - Shell Jackpine Mine";2011-06-21;80961.489102781
"AESRD 2013 - Bitumen - Shell Jackpine Mine";2011-06-22;81117.258290652
"AESRD 2013 - Bitumen - Shell Jackpine Mine";2011-06-23;81273.027478524
"AESRD 2013 - Bitumen - Shell Jackpine Mine";2011-06-24;81428.796666395
"AESRD 2013 - Bitumen - Shell Jackpine Mine";2011-06-25;81584.565854266
"AESRD 2013 - Bitumen - Shell Jackpine Mine";2011-06-26;81740.335042137
"AESRD 2013 - Bitumen - Shell Jackpine Mine";2011-06-27;81896.104230008
"AESRD 2013 - Bitumen - Shell Jackpine Mine";2011-06-28;82051.873417879
"AESRD 2013 - Bitumen - Shell Jackpine Mine";2011-06-29;82207.64260575
"AESRD 2013 - Bitumen - Shell Jackpine Mine";2011-06-30;82363.411793622
"AESRD 2013 - Bitumen - Shell Jackpine Mine";2011-07-01;82519.180981493
"AESRD 2013 - Bitumen - Shell Jackpine Mine";2011-07-02;82559.419479706
"AESRD 2013 - Bitumen - Shell Jackpine Mine";2011-07-03;82599.657977919
"AESRD 2013 - Bitumen - Shell Jackpine Mine";2011-07-04;82639.896476133
"AESRD 2013 - Bitumen - Shell Jackpine Mine";2011-07-05;82680.134974346
"AESRD 2013 - Bitumen - Shell Jackpine Mine";2011-07-06;82720.373472559
"AESRD 2013 - Bitumen - Shell Jackpine Mine";2011-07-07;82760.611970772
"AESRD 2013 - Bitumen - Shell Jackpine Mine";2011-07-08;82800.850468985
"AESRD 2013 - Bitumen - Shell Jackpine Mine";2011-07-09;82841.088967199
"AESRD 2013 - Bitumen - Shell Jackpine Mine";2011-07-10;82881.327465412
"AESRD 2013 - Bitumen - Shell Jackpine Mine";2011-07-11;82921.565963625
"AESRD 2013 - Bitumen - Shell Jackpine Mine";2011-07-12;82961.804461838
"AESRD 2013 - Bitumen - Shell Jackpine Mine";2011-07-13;83002.042960051
"AESRD 2013 - Bitumen - Shell Jackpine Mine";2011-07-14;83042.281458264
"AESRD 2013 - Bitumen - Shell Jackpine Mine";2011-07-15;83082.519956478
"AESRD 2013 - Bitumen - Shell Jackpine Mine";2011-07-16;83122.758454691
"AESRD 2013 - Bitumen - Shell Jackpine Mine";2011-07-17;83162.996952904
"AESRD 2013 - Bitumen - Shell Jackpine Mine";2011-07-18;83203.235451117
"AESRD 2013 - Bitumen - Shell Jackpine Mine";2011-07-19;83243.47394933
"AESRD 2013 - Bitumen - Shell Jackpine Mine";2011-07-20;83283.712447544
"AESRD 2013 - Bitumen - Shell Jackpine Mine";2011-07-21;83323.950945757
"AESRD 2013 - Bitumen - Shell Jackpine Mine";2011-07-22;83364.18944397
"AESRD 2013 - Bitumen - Shell Jackpine Mine";2011-07-23;83404.427942183
"AESRD 2013 - Bitumen - Shell Jackpine Mine";2011-07-24;83444.666440396
"AESRD 2013 - Bitumen - Shell Jackpine Mine";2011-07-25;83484.90493861
"AESRD 2013 - Bitumen - Shell Jackpine Mine";2011-07-26;83525.143436823
"AESRD 2013 - Bitumen - Shell Jackpine Mine";2011-07-27;83565.381935036
"AESRD 2013 - Bitumen - Shell Jackpine Mine";2011-07-28;83605.620433249
"AESRD 2013 - Bitumen - Shell Jackpine Mine";2011-07-29;83645.858931462
"AESRD 2013 - Bitumen - Shell Jackpine Mine";2011-07-30;83686.097429675
"AESRD 2013 - Bitumen - Shell Jackpine Mine";2011-07-31;83726.335927889
"AESRD 2013 - Bitumen - Shell Jackpine Mine";2011-08-01;83766.574426102
"AESRD 2013 - Bitumen - Shell Jackpine Mine";2011-08-02;83806.812924315
"AESRD 2013 - Bitumen - Shell Jackpine Mine";2011-08-03;83847.051422528
"AESRD 2013 - Bitumen - Shell Jackpine Mine";2011-08-04;83887.289920741
"AESRD 2013 - Bitumen - Shell Jackpine Mine";2011-08-05;83927.528418955
"AESRD 2013 - Bitumen - Shell Jackpine Mine";2011-08-06;83967.766917168
"AESRD 2013 - Bitumen - Shell Jackpine Mine";2011-08-07;84008.005415381
"AESRD 2013 - Bitumen - Shell Jackpine Mine";2011-08-08;84048.243913594
"AESRD 2013 - Bitumen - Shell Jackpine Mine";2011-08-09;84088.482411807
"AESRD 2013 - Bitumen - Shell Jackpine Mine";2011-08-10;84128.720910021
"AESRD 2013 - Bitumen - Shell Jackpine Mine";2011-08-11;84168.959408234
"AESRD 2013 - Bitumen - Shell Jackpine Mine";2011-08-12;84209.197906447
"AESRD 2013 - Bitumen - Shell Jackpine Mine";2011-08-13;84249.43640466
"AESRD 2013 - Bitumen - Shell Jackpine Mine";2011-08-14;84289.674902873
"AESRD 2013 - Bitumen - Shell Jackpine Mine";2011-08-15;84329.913401086
"AESRD 2013 - Bitumen - Shell Jackpine Mine";2011-08-16;84370.1518993
"AESRD 2013 - Bitumen - Shell Jackpine Mine";2011-08-17;84410.390397513
"AESRD 2013 - Bitumen - Shell Jackpine Mine";2011-08-18;84450.628895726
"AESRD 2013 - Bitumen - Shell Jackpine Mine";2011-08-19;84490.867393939
"AESRD 2013 - Bitumen - Shell Jackpine Mine";2011-08-20;84531.105892152
"AESRD 2013 - Bitumen - Shell Jackpine Mine";2011-08-21;84571.344390366
"AESRD 2013 - Bitumen - Shell Jackpine Mine";2011-08-22;84611.582888579
"AESRD 2013 - Bitumen - Shell Jackpine Mine";2011-08-23;84651.821386792
"AESRD 2013 - Bitumen - Shell Jackpine Mine";2011-08-24;84692.059885005
"AESRD 2013 - Bitumen - Shell Jackpine Mine";2011-08-25;84732.298383218
"AESRD 2013 - Bitumen - Shell Jackpine Mine";2011-08-26;84772.536881432
"AESRD 2013 - Bitumen - Shell Jackpine Mine";2011-08-27;84812.775379645
"AESRD 2013 - Bitumen - Shell Jackpine Mine";2011-08-28;84853.013877858
"AESRD 2013 - Bitumen - Shell Jackpine Mine";2011-08-29;84893.252376071
"AESRD 2013 - Bitumen - Shell Jackpine Mine";2011-08-30;84933.490874284
"AESRD 2013 - Bitumen - Shell Jackpine Mine";2011-08-31;84973.729372498
"AESRD 2013 - Bitumen - Shell Jackpine Mine";2011-09-01;85013.967870711
"AESRD 2013 - Bitumen - Shell Jackpine Mine";2011-09-02;85054.206368924
"AESRD 2013 - Bitumen - Shell Jackpine Mine";2011-09-03;85094.444867137
"AESRD 2013 - Bitumen - Shell Jackpine Mine";2011-09-04;85134.68336535
"AESRD 2013 - Bitumen - Shell Jackpine Mine";2011-09-05;85174.921863563
"AESRD 2013 - Bitumen - Shell Jackpine Mine";2011-09-06;85215.160361777
"AESRD 2013 - Bitumen - Shell Jackpine Mine";2011-09-07;85255.39885999
"AESRD 2013 - Bitumen - Shell Jackpine Mine";2011-09-08;85295.637358203
"AESRD 2013 - Bitumen - Shell Jackpine Mine";2011-09-09;85335.875856416
"AESRD 2013 - Bitumen - Shell Jackpine Mine";2011-09-10;85376.114354629
"AESRD 2013 - Bitumen - Shell Jackpine Mine";2011-09-11;85416.352852843
"AESRD 2013 - Bitumen - Shell Jackpine Mine";2011-09-12;85456.591351056
"AESRD 2013 - Bitumen - Shell Jackpine Mine";2011-09-13;85496.829849269
"AESRD 2013 - Bitumen - Shell Jackpine Mine";2011-09-14;85537.068347482
"AESRD 2013 - Bitumen - Shell Jackpine Mine";2011-09-15;85577.306845695
"AESRD 2013 - Bitumen - Shell Jackpine Mine";2011-09-16;85617.545343909
"AESRD 2013 - Bitumen - Shell Jackpine Mine";2011-09-17;85657.783842122
"AESRD 2013 - Bitumen - Shell Jackpine Mine";2011-09-18;85698.022340335
"AESRD 2013 - Bitumen - Shell Jackpine Mine";2011-09-19;85738.260838548
"AESRD 2013 - Bitumen - Shell Jackpine Mine";2011-09-20;85778.499336761
"AESRD 2013 - Bitumen - Shell Jackpine Mine";2011-09-21;85818.737834974
"AESRD 2013 - Bitumen - Shell Jackpine Mine";2011-09-22;85858.976333188
"AESRD 2013 - Bitumen - Shell Jackpine Mine";2011-09-23;85899.214831401
"AESRD 2013 - Bitumen - Shell Jackpine Mine";2011-09-24;85939.453329614
"AESRD 2013 - Bitumen - Shell Jackpine Mine";2011-09-25;85979.691827827
"AESRD 2013 - Bitumen - Shell Jackpine Mine";2011-09-26;86019.93032604
"AESRD 2013 - Bitumen - Shell Jackpine Mine";2011-09-27;86060.168824254
"AESRD 2013 - Bitumen - Shell Jackpine Mine";2011-09-28;86100.407322467
"AESRD 2013 - Bitumen - Shell Jackpine Mine";2011-09-29;86140.64582068
"AESRD 2013 - Bitumen - Shell Jackpine Mine";2011-09-30;86180.884318893
"AESRD 2013 - Bitumen - Shell Jackpine Mine";2011-10-01;86221.122817106
"AESRD 2013 - Bitumen - Shell Jackpine Mine";2011-10-02;86261.36131532
"AESRD 2013 - Bitumen - Shell Jackpine Mine";2011-10-03;86301.599813533
"AESRD 2013 - Bitumen - Shell Jackpine Mine";2011-10-04;86341.838311746
"AESRD 2013 - Bitumen - Shell Jackpine Mine";2011-10-05;86382.076809959
"AESRD 2013 - Bitumen - Shell Jackpine Mine";2011-10-06;86422.315308172
"AESRD 2013 - Bitumen - Shell Jackpine Mine";2011-10-07;86462.553806385
"AESRD 2013 - Bitumen - Shell Jackpine Mine";2011-10-08;86502.792304599
"AESRD 2013 - Bitumen - Shell Jackpine Mine";2011-10-09;86543.030802812
"AESRD 2013 - Bitumen - Shell Jackpine Mine";2011-10-10;86583.269301025
"AESRD 2013 - Bitumen - Shell Jackpine Mine";2011-10-11;86623.507799238
"AESRD 2013 - Bitumen - Shell Jackpine Mine";2011-10-12;86663.746297451
"AESRD 2013 - Bitumen - Shell Jackpine Mine";2011-10-13;86703.984795665
"AESRD 2013 - Bitumen - Shell Jackpine Mine";2011-10-14;86744.223293878
"AESRD 2013 - Bitumen - Shell Jackpine Mine";2011-10-15;86784.461792091
"AESRD 2013 - Bitumen - Shell Jackpine Mine";2011-10-16;86824.700290304
"AESRD 2013 - Bitumen - Shell Jackpine Mine";2011-10-17;86864.938788517
"AESRD 2013 - Bitumen - Shell Jackpine Mine";2011-10-18;86905.177286731
"AESRD 2013 - Bitumen - Shell Jackpine Mine";2011-10-19;86945.415784944
"AESRD 2013 - Bitumen - Shell Jackpine Mine";2011-10-20;86985.654283157
"AESRD 2013 - Bitumen - Shell Jackpine Mine";2011-10-21;87025.89278137
"AESRD 2013 - Bitumen - Shell Jackpine Mine";2011-10-22;87066.131279583
"AESRD 2013 - Bitumen - Shell Jackpine Mine";2011-10-23;87106.369777796
"AESRD 2013 - Bitumen - Shell Jackpine Mine";2011-10-24;87146.60827601
"AESRD 2013 - Bitumen - Shell Jackpine Mine";2011-10-25;87186.846774223
"AESRD 2013 - Bitumen - Shell Jackpine Mine";2011-10-26;87227.085272436
"AESRD 2013 - Bitumen - Shell Jackpine Mine";2011-10-27;87267.323770649
"AESRD 2013 - Bitumen - Shell Jackpine Mine";2011-10-28;87307.562268862
"AESRD 2013 - Bitumen - Shell Jackpine Mine";2011-10-29;87347.800767076
"AESRD 2013 - Bitumen - Shell Jackpine Mine";2011-10-30;87388.039265289
"AESRD 2013 - Bitumen - Shell Jackpine Mine";2011-10-31;87428.277763502
"AESRD 2013 - Bitumen - Shell Jackpine Mine";2011-11-01;87468.516261715
"AESRD 2013 - Bitumen - Shell Jackpine Mine";2011-11-02;87508.754759928
"AESRD 2013 - Bitumen - Shell Jackpine Mine";2011-11-03;87548.993258142
"AESRD 2013 - Bitumen - Shell Jackpine Mine";2011-11-04;87589.231756355
"AESRD 2013 - Bitumen - Shell Jackpine Mine";2011-11-05;87629.470254568
"AESRD 2013 - Bitumen - Shell Jackpine Mine";2011-11-06;87669.708752781
"AESRD 2013 - Bitumen - Shell Jackpine Mine";2011-11-07;87709.947250994
"AESRD 2013 - Bitumen - Shell Jackpine Mine";2011-11-08;87750.185749208
"AESRD 2013 - Bitumen - Shell Jackpine Mine";2011-11-09;87790.424247421
"AESRD 2013 - Bitumen - Shell Jackpine Mine";2011-11-10;87830.662745634
"AESRD 2013 - Bitumen - Shell Jackpine Mine";2011-11-11;87870.901243847
"AESRD 2013 - Bitumen - Shell Jackpine Mine";2011-11-12;87911.13974206
"AESRD 2013 - Bitumen - Shell Jackpine Mine";2011-11-13;87951.378240273
"AESRD 2013 - Bitumen - Shell Jackpine Mine";2011-11-14;87991.616738487
"AESRD 2013 - Bitumen - Shell Jackpine Mine";2011-11-15;88031.8552367
"AESRD 2013 - Bitumen - Shell Jackpine Mine";2011-11-16;88072.093734913
"AESRD 2013 - Bitumen - Shell Jackpine Mine";2011-11-17;88112.332233126
"AESRD 2013 - Bitumen - Shell Jackpine Mine";2011-11-18;88152.570731339
"AESRD 2013 - Bitumen - Shell Jackpine Mine";2011-11-19;88192.809229553
"AESRD 2013 - Bitumen - Shell Jackpine Mine";2011-11-20;88233.047727766
"AESRD 2013 - Bitumen - Shell Jackpine Mine";2011-11-21;88273.286225979
"AESRD 2013 - Bitumen - Shell Jackpine Mine";2011-11-22;88313.524724192
"AESRD 2013 - Bitumen - Shell Jackpine Mine";2011-11-23;88353.763222405
"AESRD 2013 - Bitumen - Shell Jackpine Mine";2011-11-24;88394.001720619
"AESRD 2013 - Bitumen - Shell Jackpine Mine";2011-11-25;88434.240218832
"AESRD 2013 - Bitumen - Shell Jackpine Mine";2011-11-26;88474.478717045
"AESRD 2013 - Bitumen - Shell Jackpine Mine";2011-11-27;88514.717215258
"AESRD 2013 - Bitumen - Shell Jackpine Mine";2011-11-28;88554.955713471
"AESRD 2013 - Bitumen - Shell Jackpine Mine";2011-11-29;88595.194211684
"AESRD 2013 - Bitumen - Shell Jackpine Mine";2011-11-30;88635.432709898
"AESRD 2013 - Bitumen - Shell Jackpine Mine";2011-12-01;88675.671208111
"AESRD 2013 - Bitumen - Shell Jackpine Mine";2011-12-02;88715.909706324
"AESRD 2013 - Bitumen - Shell Jackpine Mine";2011-12-03;88756.148204537
"AESRD 2013 - Bitumen - Shell Jackpine Mine";2011-12-04;88796.38670275
"AESRD 2013 - Bitumen - Shell Jackpine Mine";2011-12-05;88836.625200964
"AESRD 2013 - Bitumen - Shell Jackpine Mine";2011-12-06;88876.863699177
"AESRD 2013 - Bitumen - Shell Jackpine Mine";2011-12-07;88917.10219739
"AESRD 2013 - Bitumen - Shell Jackpine Mine";2011-12-08;88957.340695603
"AESRD 2013 - Bitumen - Shell Jackpine Mine";2011-12-09;88997.579193816
"AESRD 2013 - Bitumen - Shell Jackpine Mine";2011-12-10;89037.81769203
"AESRD 2013 - Bitumen - Shell Jackpine Mine";2011-12-11;89078.056190243
"AESRD 2013 - Bitumen - Shell Jackpine Mine";2011-12-12;89118.294688456
"AESRD 2013 - Bitumen - Shell Jackpine Mine";2011-12-13;89158.533186669
"AESRD 2013 - Bitumen - Shell Jackpine Mine";2011-12-14;89198.771684882
"AESRD 2013 - Bitumen - Shell Jackpine Mine";2011-12-15;89239.010183095
"AESRD 2013 - Bitumen - Shell Jackpine Mine";2011-12-16;89279.248681309
"AESRD 2013 - Bitumen - Shell Jackpine Mine";2011-12-17;89319.487179522
"AESRD 2013 - Bitumen - Shell Jackpine Mine";2011-12-18;89359.725677735
"AESRD 2013 - Bitumen - Shell Jackpine Mine";2011-12-19;89399.964175948
"AESRD 2013 - Bitumen - Shell Jackpine Mine";2011-12-20;89440.202674161
"AESRD 2013 - Bitumen - Shell Jackpine Mine";2011-12-21;89480.441172375
"AESRD 2013 - Bitumen - Shell Jackpine Mine";2011-12-22;89520.679670588
"AESRD 2013 - Bitumen - Shell Jackpine Mine";2011-12-23;89560.918168801
"AESRD 2013 - Bitumen - Shell Jackpine Mine";2011-12-24;89601.156667014
"AESRD 2013 - Bitumen - Shell Jackpine Mine";2011-12-25;89641.395165227
"AESRD 2013 - Bitumen - Shell Jackpine Mine";2011-12-26;89681.633663441
"AESRD 2013 - Bitumen - Shell Jackpine Mine";2011-12-27;89721.872161654
"AESRD 2013 - Bitumen - Shell Jackpine Mine";2011-12-28;89762.110659867
"AESRD 2013 - Bitumen - Shell Jackpine Mine";2011-12-29;89802.34915808
"AESRD 2013 - Bitumen - Shell Jackpine Mine";2011-12-30;89842.587656293
"AESRD 2013 - Bitumen - Shell Jackpine Mine";2011-12-31;89882.826154507
"AESRD 2013 - Bitumen - Shell Jackpine Mine";2012-01-01;89923.06465272
"AESRD 2013 - Bitumen - Shell Jackpine Mine";2012-01-02;89963.303150933
"AESRD 2013 - Bitumen - Shell Jackpine Mine";2012-01-03;90003.541649146
"AESRD 2013 - Bitumen - Shell Jackpine Mine";2012-01-04;90043.780147359
"AESRD 2013 - Bitumen - Shell Jackpine Mine";2012-01-05;90084.018645572
"AESRD 2013 - Bitumen - Shell Jackpine Mine";2012-01-06;90124.257143786
"AESRD 2013 - Bitumen - Shell Jackpine Mine";2012-01-07;90164.495641999
"AESRD 2013 - Bitumen - Shell Jackpine Mine";2012-01-08;90204.734140212
"AESRD 2013 - Bitumen - Shell Jackpine Mine";2012-01-09;90244.972638425
"AESRD 2013 - Bitumen - Shell Jackpine Mine";2012-01-10;90285.211136638
"AESRD 2013 - Bitumen - Shell Jackpine Mine";2012-01-11;90325.449634852
"AESRD 2013 - Bitumen - Shell Jackpine Mine";2012-01-12;90365.688133065
"AESRD 2013 - Bitumen - Shell Jackpine Mine";2012-01-13;90405.926631278
"AESRD 2013 - Bitumen - Shell Jackpine Mine";2012-01-14;90446.165129491
"AESRD 2013 - Bitumen - Shell Jackpine Mine";2012-01-15;90486.403627704
"AESRD 2013 - Bitumen - Shell Jackpine Mine";2012-01-16;90526.642125918
"AESRD 2013 - Bitumen - Shell Jackpine Mine";2012-01-17;90566.880624131
"AESRD 2013 - Bitumen - Shell Jackpine Mine";2012-01-18;90607.119122344
"AESRD 2013 - Bitumen - Shell Jackpine Mine";2012-01-19;90647.357620557
"AESRD 2013 - Bitumen - Shell Jackpine Mine";2012-01-20;90687.59611877
"AESRD 2013 - Bitumen - Shell Jackpine Mine";2012-01-21;90727.834616983
"AESRD 2013 - Bitumen - Shell Jackpine Mine";2012-01-22;90768.073115197
"AESRD 2013 - Bitumen - Shell Jackpine Mine";2012-01-23;90808.31161341
"AESRD 2013 - Bitumen - Shell Jackpine Mine";2012-01-24;90848.550111623
"AESRD 2013 - Bitumen - Shell Jackpine Mine";2012-01-25;90888.788609836
"AESRD 2013 - Bitumen - Shell Jackpine Mine";2012-01-26;90929.027108049
"AESRD 2013 - Bitumen - Shell Jackpine Mine";2012-01-27;90969.265606263
"AESRD 2013 - Bitumen - Shell Jackpine Mine";2012-01-28;91009.504104476
"AESRD 2013 - Bitumen - Shell Jackpine Mine";2012-01-29;91049.742602689
"AESRD 2013 - Bitumen - Shell Jackpine Mine";2012-01-30;91089.981100902
"AESRD 2013 - Bitumen - Shell Jackpine Mine";2012-01-31;91130.219599115
"AESRD 2013 - Bitumen - Shell Jackpine Mine";2012-02-01;91170.458097329
"AESRD 2013 - Bitumen - Shell Jackpine Mine";2012-02-02;91210.696595542
"AESRD 2013 - Bitumen - Shell Jackpine Mine";2012-02-03;91250.935093755
"AESRD 2013 - Bitumen - Shell Jackpine Mine";2012-02-04;91291.173591968
"AESRD 2013 - Bitumen - Shell Jackpine Mine";2012-02-05;91331.412090181
"AESRD 2013 - Bitumen - Shell Jackpine Mine";2012-02-06;91371.650588394
"AESRD 2013 - Bitumen - Shell Jackpine Mine";2012-02-07;91411.889086608
"AESRD 2013 - Bitumen - Shell Jackpine Mine";2012-02-08;91452.127584821
"AESRD 2013 - Bitumen - Shell Jackpine Mine";2012-02-09;91492.366083034
"AESRD 2013 - Bitumen - Shell Jackpine Mine";2012-02-10;91532.604581247
"AESRD 2013 - Bitumen - Shell Jackpine Mine";2012-02-11;91572.84307946
"AESRD 2013 - Bitumen - Shell Jackpine Mine";2012-02-12;91613.081577674
"AESRD 2013 - Bitumen - Shell Jackpine Mine";2012-02-13;91653.320075887
"AESRD 2013 - Bitumen - Shell Jackpine Mine";2012-02-14;91693.5585741
"AESRD 2013 - Bitumen - Shell Jackpine Mine";2012-02-15;91733.797072313
"AESRD 2013 - Bitumen - Shell Jackpine Mine";2012-02-16;91774.035570526
"AESRD 2013 - Bitumen - Shell Jackpine Mine";2012-02-17;91814.27406874
"AESRD 2013 - Bitumen - Shell Jackpine Mine";2012-02-18;91854.512566953
"AESRD 2013 - Bitumen - Shell Jackpine Mine";2012-02-19;91894.751065166
"AESRD 2013 - Bitumen - Shell Jackpine Mine";2012-02-20;91934.989563379
"AESRD 2013 - Bitumen - Shell Jackpine Mine";2012-02-21;91975.228061592
"AESRD 2013 - Bitumen - Shell Jackpine Mine";2012-02-22;92015.466559805
"AESRD 2013 - Bitumen - Shell Jackpine Mine";2012-02-23;92055.705058019
"AESRD 2013 - Bitumen - Shell Jackpine Mine";2012-02-24;92095.943556232
"AESRD 2013 - Bitumen - Shell Jackpine Mine";2012-02-25;92136.182054445
"AESRD 2013 - Bitumen - Shell Jackpine Mine";2012-02-26;92176.420552658
"AESRD 2013 - Bitumen - Shell Jackpine Mine";2012-02-27;92216.659050871
"AESRD 2013 - Bitumen - Shell Jackpine Mine";2012-02-28;92256.897549085
"AESRD 2013 - Bitumen - Shell Jackpine Mine";2012-02-29;92297.136047298
"AESRD 2013 - Bitumen - Shell Jackpine Mine";2012-03-01;92337.374545511
"AESRD 2013 - Bitumen - Shell Jackpine Mine";2012-03-02;92377.613043724
"AESRD 2013 - Bitumen - Shell Jackpine Mine";2012-03-03;92417.851541937
"AESRD 2013 - Bitumen - Shell Jackpine Mine";2012-03-04;92458.090040151
"AESRD 2013 - Bitumen - Shell Jackpine Mine";2012-03-05;92498.328538364
"AESRD 2013 - Bitumen - Shell Jackpine Mine";2012-03-06;92538.567036577
"AESRD 2013 - Bitumen - Shell Jackpine Mine";2012-03-07;92578.80553479
"AESRD 2013 - Bitumen - Shell Jackpine Mine";2012-03-08;92619.044033003
"AESRD 2013 - Bitumen - Shell Jackpine Mine";2012-03-09;92659.282531217
"AESRD 2013 - Bitumen - Shell Jackpine Mine";2012-03-10;92699.52102943
"AESRD 2013 - Bitumen - Shell Jackpine Mine";2012-03-11;92739.759527643
"AESRD 2013 - Bitumen - Shell Jackpine Mine";2012-03-12;92779.998025856
"AESRD 2013 - Bitumen - Shell Jackpine Mine";2012-03-13;92820.236524069
"AESRD 2013 - Bitumen - Shell Jackpine Mine";2012-03-14;92860.475022282
"AESRD 2013 - Bitumen - Shell Jackpine Mine";2012-03-15;92900.713520496
"AESRD 2013 - Bitumen - Shell Jackpine Mine";2012-03-16;92940.952018709
"AESRD 2013 - Bitumen - Shell Jackpine Mine";2012-03-17;92981.190516922
"AESRD 2013 - Bitumen - Shell Jackpine Mine";2012-03-18;93021.429015135
"AESRD 2013 - Bitumen - Shell Jackpine Mine";2012-03-19;93061.667513348
"AESRD 2013 - Bitumen - Shell Jackpine Mine";2012-03-20;93101.906011562
"AESRD 2013 - Bitumen - Shell Jackpine Mine";2012-03-21;93142.144509775
"AESRD 2013 - Bitumen - Shell Jackpine Mine";2012-03-22;93182.383007988
"AESRD 2013 - Bitumen - Shell Jackpine Mine";2012-03-23;93222.621506201
"AESRD 2013 - Bitumen - Shell Jackpine Mine";2012-03-24;93262.860004414
"AESRD 2013 - Bitumen - Shell Jackpine Mine";2012-03-25;93303.098502628
"AESRD 2013 - Bitumen - Shell Jackpine Mine";2012-03-26;93343.337000841
"AESRD 2013 - Bitumen - Shell Jackpine Mine";2012-03-27;93383.575499054
"AESRD 2013 - Bitumen - Shell Jackpine Mine";2012-03-28;93423.813997267
"AESRD 2013 - Bitumen - Shell Jackpine Mine";2012-03-29;93464.05249548
"AESRD 2013 - Bitumen - Shell Jackpine Mine";2012-03-30;93504.290993693
"AESRD 2013 - Bitumen - Shell Jackpine Mine";2012-03-31;93544.529491907
"AESRD 2013 - Bitumen - Shell Jackpine Mine";2012-04-01;93584.76799012
"AESRD 2013 - Bitumen - Shell Jackpine Mine";2012-04-02;93625.006488333
"AESRD 2013 - Bitumen - Shell Jackpine Mine";2012-04-03;93665.244986546
"AESRD 2013 - Bitumen - Shell Jackpine Mine";2012-04-04;93705.483484759
"AESRD 2013 - Bitumen - Shell Jackpine Mine";2012-04-05;93745.721982973
"AESRD 2013 - Bitumen - Shell Jackpine Mine";2012-04-06;93785.960481186
"AESRD 2013 - Bitumen - Shell Jackpine Mine";2012-04-07;93826.198979399
"AESRD 2013 - Bitumen - Shell Jackpine Mine";2012-04-08;93866.437477612
"AESRD 2013 - Bitumen - Shell Jackpine Mine";2012-04-09;93906.675975825
"AESRD 2013 - Bitumen - Shell Jackpine Mine";2012-04-10;93946.914474039
"AESRD 2013 - Bitumen - Shell Jackpine Mine";2012-04-11;93987.152972252
"AESRD 2013 - Bitumen - Shell Jackpine Mine";2012-04-12;94027.391470465
"AESRD 2013 - Bitumen - Shell Jackpine Mine";2012-04-13;94067.629968678
"AESRD 2013 - Bitumen - Shell Jackpine Mine";2012-04-14;94107.868466891
"AESRD 2013 - Bitumen - Shell Jackpine Mine";2012-04-15;94148.106965104
"AESRD 2013 - Bitumen - Shell Jackpine Mine";2012-04-16;94188.345463318
"AESRD 2013 - Bitumen - Shell Jackpine Mine";2012-04-17;94228.583961531
"AESRD 2013 - Bitumen - Shell Jackpine Mine";2012-04-18;94268.822459744
"AESRD 2013 - Bitumen - Shell Jackpine Mine";2012-04-19;94309.060957957
"AESRD 2013 - Bitumen - Shell Jackpine Mine";2012-04-20;94349.29945617
"AESRD 2013 - Bitumen - Shell Jackpine Mine";2012-04-21;94389.537954384
"AESRD 2013 - Bitumen - Shell Jackpine Mine";2012-04-22;94429.776452597
"AESRD 2013 - Bitumen - Shell Jackpine Mine";2012-04-23;94470.01495081
"AESRD 2013 - Bitumen - Shell Jackpine Mine";2012-04-24;94510.253449023
"AESRD 2013 - Bitumen - Shell Jackpine Mine";2012-04-25;94550.491947236
"AESRD 2013 - Bitumen - Shell Jackpine Mine";2012-04-26;94590.73044545
"AESRD 2013 - Bitumen - Shell Jackpine Mine";2012-04-27;94630.968943663
"AESRD 2013 - Bitumen - Shell Jackpine Mine";2012-04-28;94671.207441876
"AESRD 2013 - Bitumen - Shell Jackpine Mine";2012-04-29;94711.445940089
"AESRD 2013 - Bitumen - Shell Jackpine Mine";2012-04-30;94751.684438302
"AESRD 2013 - Bitumen - Shell Jackpine Mine";2012-05-01;94791.922936516
"AESRD 2013 - Bitumen - Shell Jackpine Mine";2012-05-02;94832.161434729
"AESRD 2013 - Bitumen - Shell Jackpine Mine";2012-05-03;94872.399932942
"AESRD 2013 - Bitumen - Shell Jackpine Mine";2012-05-04;94912.638431155
"AESRD 2013 - Bitumen - Shell Jackpine Mine";2012-05-05;94952.876929368
"AESRD 2013 - Bitumen - Shell Jackpine Mine";2012-05-06;94993.115427581
"AESRD 2013 - Bitumen - Shell Jackpine Mine";2012-05-07;95033.353925795
"AESRD 2013 - Bitumen - Shell Jackpine Mine";2012-05-08;95073.592424008
"AESRD 2013 - Bitumen - Shell Jackpine Mine";2012-05-09;95113.830922221
"AESRD 2013 - Bitumen - Shell Jackpine Mine";2012-05-10;95154.069420434
"AESRD 2013 - Bitumen - Shell Jackpine Mine";2012-05-11;95194.307918647
"AESRD 2013 - Bitumen - Shell Jackpine Mine";2012-05-12;95234.546416861
"AESRD 2013 - Bitumen - Shell Jackpine Mine";2012-05-13;95274.784915074
"AESRD 2013 - Bitumen - Shell Jackpine Mine";2012-05-14;95315.023413287
"AESRD 2013 - Bitumen - Shell Jackpine Mine";2012-05-15;95355.2619115
"AESRD 2013 - Bitumen - Shell Jackpine Mine";2012-05-16;95395.500409713
"AESRD 2013 - Bitumen - Shell Jackpine Mine";2012-05-17;95435.738907927
"AESRD 2013 - Bitumen - Shell Jackpine Mine";2012-05-18;95475.97740614
"AESRD 2013 - Bitumen - Shell Jackpine Mine";2012-05-19;95516.215904353
"AESRD 2013 - Bitumen - Shell Jackpine Mine";2012-05-20;95556.454402566
"AESRD 2013 - Bitumen - Shell Jackpine Mine";2012-05-21;95596.692900779
"AESRD 2013 - Bitumen - Shell Jackpine Mine";2012-05-22;95636.931398992
"AESRD 2013 - Bitumen - Shell Jackpine Mine";2012-05-23;95677.169897206
"AESRD 2013 - Bitumen - Shell Jackpine Mine";2012-05-24;95717.408395419
"AESRD 2013 - Bitumen - Shell Jackpine Mine";2012-05-25;95757.646893632
"AESRD 2013 - Bitumen - Shell Jackpine Mine";2012-05-26;95797.885391845
"AESRD 2013 - Bitumen - Shell Jackpine Mine";2012-05-27;95838.123890058
"AESRD 2013 - Bitumen - Shell Jackpine Mine";2012-05-28;95878.362388272
"AESRD 2013 - Bitumen - Shell Jackpine Mine";2012-05-29;95918.600886485
"AESRD 2013 - Bitumen - Shell Jackpine Mine";2012-05-30;95958.839384698
"AESRD 2013 - Bitumen - Shell Jackpine Mine";2012-05-31;95999.077882911
"AESRD 2013 - Bitumen - Shell Jackpine Mine";2012-06-01;96039.316381124
"AESRD 2013 - Bitumen - Shell Jackpine Mine";2012-06-02;96079.554879338
"AESRD 2013 - Bitumen - Shell Jackpine Mine";2012-06-03;96119.793377551
"AESRD 2013 - Bitumen - Shell Jackpine Mine";2012-06-04;96160.031875764
"AESRD 2013 - Bitumen - Shell Jackpine Mine";2012-06-05;96200.270373977
"AESRD 2013 - Bitumen - Shell Jackpine Mine";2012-06-06;96240.50887219
"AESRD 2013 - Bitumen - Shell Jackpine Mine";2012-06-07;96280.747370403
"AESRD 2013 - Bitumen - Shell Jackpine Mine";2012-06-08;96320.985868617
"AESRD 2013 - Bitumen - Shell Jackpine Mine";2012-06-09;96361.22436683
"AESRD 2013 - Bitumen - Shell Jackpine Mine";2012-06-10;96401.462865043
"AESRD 2013 - Bitumen - Shell Jackpine Mine";2012-06-11;96441.701363256
"AESRD 2013 - Bitumen - Shell Jackpine Mine";2012-06-12;96481.939861469
"AESRD 2013 - Bitumen - Shell Jackpine Mine";2012-06-13;96522.178359683
"AESRD 2013 - Bitumen - Shell Jackpine Mine";2012-06-14;96562.416857896
"AESRD 2013 - Bitumen - Shell Jackpine Mine";2012-06-15;96602.655356109
"AESRD 2013 - Bitumen - Shell Jackpine Mine";2012-06-16;96642.893854322
"AESRD 2013 - Bitumen - Shell Jackpine Mine";2012-06-17;96683.132352535
"AESRD 2013 - Bitumen - Shell Jackpine Mine";2012-06-18;96723.370850749
"AESRD 2013 - Bitumen - Shell Jackpine Mine";2012-06-19;96763.609348962
"AESRD 2013 - Bitumen - Shell Jackpine Mine";2012-06-20;96803.847847175
"AESRD 2013 - Bitumen - Shell Jackpine Mine";2012-06-21;96844.086345388
"AESRD 2013 - Bitumen - Shell Jackpine Mine";2012-06-22;96884.324843601
"AESRD 2013 - Bitumen - Shell Jackpine Mine";2012-06-23;96924.563341815
"AESRD 2013 - Bitumen - Shell Jackpine Mine";2012-06-24;96964.801840028
"AESRD 2013 - Bitumen - Shell Jackpine Mine";2012-06-25;97005.040338241
"AESRD 2013 - Bitumen - Shell Jackpine Mine";2012-06-26;97045.278836454
"AESRD 2013 - Bitumen - Shell Jackpine Mine";2012-06-27;97085.517334667
"AESRD 2013 - Bitumen - Shell Jackpine Mine";2012-06-28;97125.75583288
"AESRD 2013 - Bitumen - Shell Jackpine Mine";2012-06-29;97165.994331094
"AESRD 2013 - Bitumen - Shell Jackpine Mine";2012-06-30;97206.232829307
